Aircraft,C_f1,C_f2,C_f3,C_f4,C_fcr,C_Tc_1,C_Tc_2,C_Tc_3,C_Tc_4,C_Tc_5,C_Tdes_low,C_Tdes_high,Hp_des,C_Tdes_app,C_Tdes_ld,S,C_Lbo,k,CR_Vstall,IC_Vstall,TO_Vstall,AP_Vstall,LD_Vstall,CR_CD0,CR_CD2,Mass_tons,Engines_type,Type
A10,0.27541,97.93,3.8043,5096900,0.9363,54361,47401,6.79E-11,0,0.0076064,0.022882,0.1094,27864,0.091211,0.17019,47.01,0,0,123,123,115.5,111.5,111.5,0.04861,0.052827,19.505,Jet,Jet_Medium
A124,0.92645,-2364,113.54,68697,0.91707,554360,101850,-1.18E-10,-0.05977,0.0054791,0.079389,0.0059527,16719,0.11326,0.2421,628,0,0,169,169,128,128,116,0.0275,0.062,317.2,Jet,Jet_4_Heavy
A140,3.3134,4041.4,5.7796,-1786000,1.1062,5248500,58229,704.56,0.74985,0.0070751,0.14212,0.21767,14811,0.10995,0.09865,51,0,0,105,105,95,89,82,0.027,0.037,18.3,Turboprop,Turboprop_Medium
A148,0.84686,2608.8,20.573,67271,0.99745,72360,93239,-1.01E-10,5,0.0086742,0.15621,0.10629,16817,0.11745,0.13406,87.32,1.259,0.47792,136,106,102,102,95,0.023,0.043,37,Jet,Jet_Medium
A158,0.739,1139.9,16.22,85461,0.99588,84065,53601,5.66E-11,5,0.0088662,0.12542,0.19246,15287,0.11228,0.14972,87.32,1.3141,0.63617,140,110,104,104,99,0.027225,0.047525,38,Jet,Jet_Medium
A20N,0.51877,1041.5,9.8163,101050,0.95276,157080,59907,-2.48E-11,9.7124,0.0092883,0.085716,0.11042,9763,0.13764,0.3366,122.6,1.2785,0.53278,146,146,111,106,101,0.029966,0.032432,68,Jet,Jet_Upper_Medium
A21N,0.57359,1619.3,12.83,73861,0.9294,177210,54610,1.97E-11,10.011,0.0099055,0.11824,0.14798,20390,0.16906,0.32592,122.6,1.2676,0.48225,155,155,121.5,115,107,0.031787,0.034774,83,Jet,Jet_Upper_Medium
A306,0.63936,1004.7,21.196,67071,0.98852,297160,51306,5.63E-11,8.4814,0.0044597,0.032012,0.04031,15161,0.13124,0.39136,260,1.315,0.8408,151,117,117,109,97,0.020591,0.051977,140,Jet,Jet_Heavy
A30B,0.68406,1046,38.59,46972,0.95523,263440,59503,2.85E-12,10.099,0.0089297,0.081963,0.038629,28134,0.17842,0.34613,260,1.1192,0.64225,146,118,106,101,99,0.022844,0.05373,134,Jet,Jet_Heavy
A310,0.63947,1140.3,15.664,-332800,0.95439,294320,71150,-8.26E-11,9.9045,0.0095561,0.068559,0.1046,18360,0.16925,0.33504,219,1.3743,0.72506,142,116,109,105,97,0.024934,0.03963,120,Jet,Jet_Heavy
A318,0.64411,1319.6,11.956,72889,0.93844,137570,59294,9.75E-12,10.458,0.0080017,0.051735,0.12508,9055,0.12686,0.35351,122.6,1.225,0.49518,138,138,104,99,93,0.028747,0.034614,59,Jet,Jet_Upper_Medium
A319,0.72891,1729.8,11.114,133850,0.99224,140720,47489,9.66E-11,9.4815,0.0094754,0.051765,0.083084,27726,0.14767,0.34217,122.6,1.2273,0.47037,139,113,104,100,94,0.025954,0.025882,60,Jet,Jet_Upper_Medium
A320,0.75882,2938.5,8.9418,93865,0.96358,142310,51680,5.68E-11,10.138,0.008871,0.10847,0.13603,29831,0.15749,0.39566,122.6,1.4041,0.79242,140.5,118,112.1,105.1,101.3,0.026659,0.038726,64,Jet,Jet_Upper_Medium
A321,0.72987,1236.9,14.159,68867,1,158520,45206,1.18E-10,9.8789,0.0089517,0.042086,0.02219,35635,0.17187,0.33777,122.6,1.25,0.4806,145,129,118,106,103,0.026984,0.035074,72,Jet,Jet_Upper_Medium
A332,0.59426,825.84,25.897,79790,0.95422,369950,55285,1.97E-11,8.9208,0.0089919,0.064051,0.070769,14396,0.21852,0.33313,361.6,1.2698,0.53378,141,126,117,111,104,0.018953,0.032965,190,Jet,Jet_Heavy
A333,0.61503,919.03,21.033,112230,0.93655,363130,57820,-8.68E-12,9.6793,0.008516,0.047197,0.072359,9006,0.19342,0.31548,361.6,1.2568,0.50967,134,120,112,105,99,0.019805,0.031875,174,Jet,Jet_Heavy
A339,0.48923,706.25,21.777,92777,0.94543,386560,51138,5.81E-11,9.883,0.0091388,0.057508,0.075899,12174,0.15872,0.33055,361.6,1.2089,0.47275,140,140,124,117,110.5,0.021432,0.031543,208,Jet,Jet_Heavy
A342,0.61418,823.68,32.117,70241,0.95398,370700,54954,2.20E-11,10.043,0.0080152,0.055187,0.042971,22374,0.2173,0.36855,361.6,1.2419,0.51537,157,129.4,119.4,114.2,111.4,0.019572,0.034034,225,Jet,Jet_4_Heavy
A343,0.61769,836.49,31.624,72189,0.95523,370610,54838,2.29E-11,10.054,0.0080462,0.054457,0.041561,22424,0.21449,0.3646,361.6,1.2419,0.51537,156.6,129.1,119.1,113.9,111.1,0.019826,0.033947,225,Jet,Jet_4_Heavy
A345,0.63894,1516,34.292,84087,0.95095,548520,58270,1.77E-11,10.171,0.012012,0.07296,0.11033,16637,0.17819,0.31253,437,1.2071,0.35069,167,138,130,126,123,0.022634,0.036883,315,Jet,Jet_4_Heavy
A346,0.64295,1468.9,33.958,90040,0.95843,544970,57703,2.02E-11,10.054,0.012468,0.060054,0.0905,15479,0.17288,0.28443,437,1.223,0.37482,158,158,123,121,118,0.02214,0.038022,285,Jet,Jet_4_Heavy
A359,0.48874,950.05,19.693,-1289000,0.94274,426160,67338,-3.84E-11,9.8912,0.010597,0.090679,0.14057,12022,0.080948,0.090929,443,1.3442,0.71919,144.6,117.8,116.3,116.3,112.3,0.021016,0.040511,235,Jet,Jet_Heavy
A35K,0.48566,691.16,32.787,89628,0.94087,442000,63135,-2.91E-11,9.9601,0.0097794,0.069613,0.088809,16527,0.039998,0.048509,443,1.3317,0.6659,154.7,127.3,124,124,118.1,0.019679,0.033912,270,Jet,Jet_Heavy
A388,0.54336,866.22,64.145,74435,0.93051,886670,55952,1.32E-11,10.329,0.0098323,0.066153,0.10223,32161,0.19226,0.33725,845,1.2939,0.61928,154,154,122,117,114,0.01813,0.043198,482,Jet,Jet_4_Heavy
A3ST,0.60686,1381.9,21.127,84803,0.86967,319760,90454,-1.74E-10,9.6582,0.0072761,0.14243,0.1813,12134,0.14048,0.33144,260,1.2912,0.83063,146,146,112,112,100,0.035226,0.046765,130,Jet,Jet_Heavy
AJET,0.66954,165.1,4.9059,223840,1.0931,16971,38856,1.64E-10,1.6572,0.0042642,0.0052828,0.27744,32065,0.0052828,0.035413,17.5,0,0,138,138,106,138,106,0.0165,0.05,6,Jet,Jet_Light
AN12,5.5089,566.19,35.055,72793,1.5034,9905100,20649,55880,0,0.004,0.15347,0.17831,12209,0.15347,0.17077,121.73,0,0,121,121,108,108,95,0.020062,0.059598,49.8,Turboprop,Turboprop_Medium
AN24,3.5925,-555.3,17.051,59214,1.1311,3081000,31386,6725.6,9,0.025,0.045983,0.19965,13719,0.045982,0,74.98,0,0,98,98,88,88,78,0.013,0.03,18.5,Turboprop,Turboprop_Medium
AN28,6.52,579.65,5.2736,110360,1.7745,1526300,65824,-1017,2.6337,0.0034779,0.12967,0.17455,5304,0.059306,0.039562,39.72,0,0,64,64,58,56,54,0.018,0.037,5.6,Turboprop,Turboprop_Light
AN30,16.862,298.36,11.185,59828,1.4037,10580000,311210,-25020,18.9,0.0021969,0.028624,0.25602,17544,0.028624,0.052006,74.98,0,0,108,108,95,95,84,0.025,0.04,21,Turboprop,Turboprop_Medium
AN32,3.5853,1176.5,17.004,54248,1.0999,20363000,-582600,-54670,0,0.005,0.03406,0.29345,10276,0.03406,0.073133,74.98,0,0,114,114,103,103,95,0.035,0.048,23.5,Turboprop,Turboprop_Medium
AN38,5.1403,2485.6,5.2723,-70320,1.7755,5024600,-1768000,-21170,5.8895,0.0076056,0.11799,0.19468,5320,0.038958,0.018854,39.72,0,0,87,87,82,76,74,0.018,0.037,8.3,Turboprop,Turboprop_Light
AT43,3.6224,1352.1,6.3855,77290,1.1396,4065300,74061,0,3.0913,0.0058191,0.037669,0,17351,0.037669,0.17294,54.5,0,0,98,85,85,85,75,0.021851,0.034779,15,Turboprop,Turboprop_Medium
AT45,3.9933,672.35,5.4649,68373,1.0492,3854200,30200,11993,0.81307,0.0078728,0,0.2194,8223,0.070312,0.15928,54.51,0,0,98,98,87,81,77,0.035466,0.031737,16.5,Turboprop,Turboprop_Medium
AT72,3.537,1897.1,7.2624,71903,1.2154,4900500,45037,2653.3,3.8907,0.0085357,0.020581,0,10241,0.020581,0.24282,61,0,0,104,104,87,87,79,0.021872,0.030597,19,Turboprop,Turboprop_Medium
AT73,3.6731,1979.4,7.8788,72338,1.2227,4986500,45382,2407.2,2.2174,0.0088151,0.021006,0,10527,0.021006,0.22719,61,0,0,102,102,86,86,76,0.022072,0.0293,19,Turboprop,Turboprop_Medium
AT75,3.4323,5520.4,7.8163,74675,1.2002,5037000,47034,2323.2,2.8532,0.0085258,0.020529,0,10275,0.020529,0.22933,61,0,0,102,102,87,87,77,0.021882,0.030556,19,Turboprop,Turboprop_Medium
AT76,3.4477,4977.5,7.8493,71940,1.205,5040900,47104,2289.1,2.8559,0.0085276,0.020425,0,9587,0.020425,0.24458,61,0,0,104,104,88.3,88.3,78.6,0.021842,0.030569,20,Turboprop,Turboprop_Medium
ATP,3.0341,1.00E+15,5.9858,1.00E+15,1.0502,3183300,24390,14149,0.9883,0.0070372,0,0.72227,14386,0,0.017079,78.82,0,0,99,92,83,83,75,0.02633,0.027511,20,Turboprop,Turboprop_Medium
B190,-1.632,52.686,5.4256,104120,0.75142,1753500,27131,7075.2,8.5917,0.013723,0.0024169,0.10058,16685,0.027129,0.05477,28.8,0,0,99,99,89,89,84,0.019,0.05,6.804,Turboprop,Turboprop_Light
B350,0.39081,-18.9,6.86,76004,0.92179,2020400,51081,1110.9,-0.03007,0.0058387,0.02959,0.15239,13410,0.029589,0,28.8,0,0,93,93,86,86,78,0.011,0.04,5.897,Turboprop,Turboprop_Light
B38M,0.54449,871.82,10.546,88671,0.96533,133380,59314,9.91E-12,9.5684,0.010216,0.061314,0.098368,19019,0.15488,0.35587,124.58,1.3606,0.56184,174.3,139.9,135.6,130.3,122,0.025215,0.030354,69.006,Jet,Jet_Upper_Medium
B39M,0.56004,1025.5,10.545,88671,0.95437,144460,54441,3.49E-11,9.6555,0.010027,0.07226,0.11207,17314,0.20621,0.34202,124.58,1.3515,0.5581,172.8,139.6,135.4,128.5,121.6,0.026698,0.030794,73.088,Jet,Jet_Upper_Medium
B462,1.2629,-1525,13.2,-56730,0.99294,71352,242600,-3.71E-10,0,0.0084519,0.21,0.55,23900,0.1675,0.16932,77.3,1.7521,1.2172,135.5,105,98,93,90.5,0.037937,0.036554,36,Jet,Jet_Medium
B463,1.2983,-1314,9.6651,-28810,1.0181,73606,162320,-3.03E-10,0,0.0080413,0.21121,0.55,23900,0.15633,0.19183,77.3,1.7521,1.2172,139.5,109,101,96,92,0.039807,0.037399,38,Jet,Jet_Medium
B58T,2.518,0,1.2541,0,0.51391,4700,52909,0,0.84007,0.0073462,0.040763,0.071523,13272,0.040763,0.058634,17.48,0,0,79,79,79,78,74,0.010058,0.064563,2.495,Piston,Piston_Light
B703,1.15,1100,28,49990,1,239000,56000,2.75E-11,0,0.00716,0.001,0.5,28800,0,0,274.6,0,0,125,115,115,96,96,0.0142,0.062707,100,Jet,Jet_4_Heavy
B712,0.60281,519.22,10.444,133650,1.0429,97586,60635,-1.78E-11,10.027,0.012063,0.005736,0.033112,14174,0.15813,0.28992,90.02,1.2569,0.70511,145,115,111,107,104,0.020945,0.045998,46,Jet,Jet_Medium
B722,0.78583,504.9,26.699,63718,1.0207,134070,57335,9.90E-12,0,0.0060289,0.047341,0.0047089,9982,0.12309,0.24378,157.9,1.3001,0.8998,159,117,117,107,105.5,0.015564,0.064554,74,Jet,Jet_Upper_Medium
B732,1.1423,2155.2,20.144,53383,0.99363,93501,56304,1.51E-11,0,0.0077195,0.076006,0.056588,10179,0.17024,0.34362,91.09,1.376,0.7524,143,112,109,102,99,0.021609,0.043078,44.8,Jet,Jet_Medium
B733,0.78052,1021.7,14.768,52584,0.99371,127660,45001,1.13E-10,9.4853,0.007177,0.035831,0.00398,26610,0.19803,0.30851,91.09,1.6742,1.0262,141,120,117,108,106,0.024958,0.040885,52.5,Jet,Jet_Medium
B734,0.7595,989.32,14.769,52343,0.97905,138990,45045,1.09E-10,9.527,0.0073089,0.048693,0.0034663,31470,0.16356,0.29847,91.09,1.6087,0.92058,152,131,125,115,109,0.025953,0.044644,58,Jet,Jet_Medium
B735,0.77318,884.15,14.733,52667,0.93389,121120,42344,1.48E-10,8.0206,0.0075389,0.043897,0.00040252,12128,0.18518,0.31026,91.09,1.6857,1.041,143,124,120,110,103,0.022776,0.045399,52,Jet,Jet_Medium
B736,0.63557,701.64,15.384,61221,0.96824,111930,93685,-1.16E-10,9.7195,0.0095676,0.055999,0.032576,29195,0.2008,0.33267,124.65,1.2946,0.60051,137,109,107,100,99,0.021696,0.036752,55,Jet,Jet_Upper_Medium
B737,0.6864,952.85,10.592,59399,0.9342,148600,50268,5.87E-11,9.6407,0.00873,0.053395,0.036336,30152,0.1644,0.26935,124.65,1.1927,0.47135,143,115,109,105,103,0.023738,0.037669,60,Jet,Jet_Upper_Medium
B738,0.70057,1068.1,14.19,65932,0.92958,146590,53872,3.05E-11,9.6177,0.0085132,0.075573,0.087412,9577,0.19448,0.3061,124.65,1.2454,0.55567,149,119,117,109,107,0.025452,0.035815,65.3,Jet,Jet_Upper_Medium
B739,0.70675,1135.2,13.133,61936,0.93511,145920,55371,1.84E-11,9.4957,0.0084278,0.081951,-0.04567,38392,0.18706,0.31513,124.58,1.413,0.74715,156,126,124,118,111,0.025734,0.033615,71.651,Jet,Jet_Upper_Medium
B742,0.91893,2341.6,53.85,56082,0.96629,519860,61867,0,9.8157,0.0074715,0.011925,0,25443,0.15786,0.45807,511.23,0.98531,0.32668,171,135,126,118,110,0.017439,0.054837,255.8,Jet,Jet_4_Heavy
B743,0.75291,2441.2,34.539,67858,0.88772,603890,61674,0,9.674,0.0065249,0.12674,0,40313,0.12921,0.23818,511.22,1.0158,0.38953,188,140,132,132,122,0.022272,0.06459,310,Jet,Jet_4_Heavy
B744,0.6004,880.35,41.889,71089,0.92241,659880,54924,2.16E-11,9.8206,0.0078507,0.052309,0,38639,0.15997,0.38726,511.23,0.88103,0.17751,165,145,136,128,118,0.019945,0.049033,285.7,Jet,Jet_4_Heavy
B748,0.58259,1283.9,45.38,72929,0.89625,759790,52423,4.10E-11,10.356,0.0077315,0.11581,-0.02525,38370,0.24564,0.44451,510.97,1.0815,0.30373,184,146,142,131,124,0.025669,0.039082,366.33,Jet,Jet_4_Heavy
B752,0.70334,914.35,12.967,100900,1.0081,193530,52967,5.00E-11,9.9624,0.0092638,0,0,41953,0.064309,0.38405,181.35,1.3935,0.74455,154.5,127.5,121,116,105,0.017241,0.048633,95.2,Jet,Jet_Heavy
B753,0.74047,1298.6,14.474,-218800,0.98776,197770,57236,1.91E-11,9.9107,0.0094853,0.057066,0.097534,21161,0.097848,0.44617,181.35,0.80003,0.0062642,156,142,129,117,109,0.020945,0.044181,101.6,Jet,Jet_Heavy
B762,0.69661,1410,30.805,61734,0.94692,277080,60090,0,9.7169,0.008186,0.11295,0.1448,10211,0.08451,0.12423,283.3,1.145,0.36293,158,125,120,117,109,0.019509,0.048718,140,Jet,Jet_Heavy
B763,0.7422,2060.5,15.902,145380,0.90048,322410,56718,1.36E-11,9.5535,0.0037598,0.055988,0.064359,26418,0.12802,0.38036,283.35,1.1892,0.48753,167,138,124,122,118,0.021112,0.042118,154.59,Jet,Jet_Heavy
B764,0.62911,851.87,20.794,66506,0.91891,332140,51083,4.84E-11,9.3425,0.0077231,0.03707,0,38489,0.082885,0.43759,283.5,1.1159,0.40982,165,133,124,122,113,0.017439,0.048227,158.8,Jet,Jet_Heavy
B772,0.54864,817.5,33.262,64211,0.93687,417410,57757,3.56E-11,9.4466,0.0098099,0.069322,0,39387,0.11017,0.39733,427.82,0.93691,0.18583,149,124,117,111,104,0.018452,0.044604,208.7,Jet,Jet_Heavy
B773,0.4916,487.93,26.872,89777,0.88658,437060,51125,5.80E-11,9.4595,0.0045323,0.041065,0,36122,0.092921,0.46311,428.04,0,0,160,133,124,121,111,0.016943,0.048939,237.6,Jet,Jet_Heavy
B77L,0.53638,861.36,34.579,63047,0.85686,579940,57511,1.21E-11,9.7222,0.0082614,0.11401,-0.1017,37843,0.086221,0.37829,427.82,1.1743,0.50413,171,141,133,130,118,0.023205,0.041138,280.01,Jet,Jet_Heavy
B77W,0.54124,858.42,34.6,62907,0.86812,574190,57932,8.52E-12,9.715,0.0087176,0.10131,-0.1569,37128,0.088911,0.39965,427.82,1.1224,0.41465,178,148,139,135,122,0.022913,0.042347,290.3,Jet,Jet_Heavy
B788,0.54178,1150.2,17.955,67337,0.89706,371970,61823,-9.45E-12,9.5932,0.007366,0.076346,0.096467,16312,0.094238,0.29954,360.46,1.0794,0.35164,164,134,121,118,111,0.021782,0.036869,189.11,Jet,Jet_Heavy
B789,0.49731,728.35,16.773,80402,0.89708,410740,54091,3.07E-11,9.9474,0.0091856,0.044386,0.055288,14721,0.080226,0.39845,360.46,1.1611,0.49389,164,134,121,118,111,0.020395,0.034873,201.69,Jet,Jet_Heavy
B78X,0.50749,695.51,22.86,112110,0.9377,407720,53821,3.43E-11,10.002,0.0090433,0.039161,0.087927,29127,0.093548,0.3051,360.46,1.1557,0.47347,177,148,135,133,123,0.018054,0.037331,203.9,Jet,Jet_Heavy
BA11,0.83,999,10.8,180300,1,68000,60000,0,0,0.0113,0.001,0.15,28000,0,0,91,0,0,129,117.5,111.5,107.5,102,0.019,0.051099,31.7,Jet,Jet_Medium
BE20,3.6404,-667.5,5.829,48558,1.3835,1983300,60731,-972.4,3.5287,0.00083125,0.042851,0.12322,8324,0.04285,0,28.15,0,0,97.5,97.5,88,88,77,0.01,0.045,4.99,Turboprop,Turboprop_Light
BE30,-1.229,40.381,5.7531,81238,0.84482,2495100,51411,-82.09,-0.05034,0.0032644,0.023151,0.15292,17672,0.023151,0.00506,28.15,0,0,95,95,85,85,76,0.01,0.045,5.443,Turboprop,Turboprop_Light
BE36,0.90727,0,0.40353,0,0.69553,2437.1,28061,0,2.7349,0.0031205,0.080858,0.19013,9541,0.081457,0.12572,16.82,0,0,67,67,61.5,61.5,59,0.01,0.0766,1.542,Piston,Piston_Light
BE40,0.98819,969.13,2.5217,736300,1.0008,18089,55986,3.00E-11,-0.1232,0.0059419,0.1122,0.27417,23429,0.10261,0.1035,22.43,1.5178,1.1531,105,105,98,92,88,0.026,0.05,6.577,Jet,Jet_Light
BE55,1.4756,0,0.84329,0,0.67284,4184.4,26199,0,0,0.0018295,0.17068,0.30725,9609,0.12923,0.087807,17.48,0,0,74,74,74,66,66,0.010058,0.065608,2.177,Piston,Piston_Light
BE58,2.0335,0,1.0324,0,0.58738,4092.7,22443,0,0,0.0030812,0.17341,0.32357,8626,0.11066,0.058748,18.506,0,0,79,79,79,70,70,0.010058,0.062953,2.291,Piston,Piston_Light
BE76,1.2229,0,0.85544,0,0.69022,3076,25723,0,0,0.0014013,0.24244,0.51815,13365,0.011345,0.031847,16.81,0,0,67,67,67,57.5,57.5,0.0186,0.0422,1.633,Piston,Piston_Light
BE99,3.0442,-382.9,2.7658,77978,1.005,1187200,39879,986.83,0,0.008,0.13345,0.26551,11220,0.13344,0.10864,25.985,0,0,83,83,79,79,68.5,0.018,0.07,4.082,Turboprop,Turboprop_Light
BE9L,11.143,305.59,4.0116,43009,2.4375,434710,19467,4248.8,3.056,0.017437,0.22458,0,11899,0.13281,0.082078,27.31,0,0,83,83,79,79,74,0.014934,0.068929,3.64,Turboprop,Turboprop_Light
BER2,0.67884,498.78,11.844,62872,1.0229,80850,49412,7.88E-11,5.9423,0.009752,0.028326,0.038025,3911,0.045686,0.13097,117.44,0,0,121.5,121.5,88,88,83,0.029868,0.045084,35,Jet,Jet_Upper_Medium
C130,4.5325,503.61,17.549,58991,1.0274,12191000,28299,55788,0.19044,0.0055225,0,0.053341,17152,0.064656,0.13194,162.12,0,0,119,100,100,90,90,0.043394,0.040074,58.96,Turboprop,Turboprop_Medium
C150,0.36593,0,0.15422,0,0.60704,1220.4,26221,0,-0.3243,0.0026934,0.16294,0.24214,8174,0.16294,0.10969,14.86,0,0,46,46,46,43,40,0.018,0.065,0.651,Piston,Piston_Light
C152,0.33815,0,0.16783,0,0.71054,1338.7,27460,0,0.505,0.0024708,0.16047,0.22943,7043,0.16047,0.10739,14.82,0,0,44,44,42,42,40,0.018,0.065,0.673,Piston,Piston_Light
C160,2.9,2000,7.6,1.00E+08,0.96,4200000,34000,30000,0,0.0114,0,0,25000,0,0,160,0,0,98.5,98.5,84.3,84.3,78,0.02,0.06,40,Turboprop,Turboprop_Medium
C162,0.3821,0,0.1678,0,0.71186,1262.1,23021,0,0.83143,0.0021595,0.16656,0.24216,6605,0.16655,0.12744,11.15,0,0,44,44,43,41,40,0.018,0.065,0.599,Piston,Piston_Light
C172,0.52746,0,0.29965,0,0.80625,2013.7,27326,-24910,0,0.0046539,0.037198,0.10471,7842,0.028739,0.012405,16.17,0,0,53,53,50.5,48,48,0.0092,0.047,1.157,Piston,Piston_Light
C182,0.69675,0,0.42187,0,0.74335,-109.3,-2322,2.00E+05,0,0,0.11303,0.24501,11251,0.11205,0.10862,16.17,0,0,55,55,51,49.5,49.5,0.014,0.06,1.406,Piston,Piston_Light
C188,0.87216,0,0.48959,0,0.70863,2874.5,26894,0,0,0.003402,0.23538,0.40762,9236,0.23538,0.15909,19.05,0,0,53,53,51.3,51.3,49.5,0.020062,0.066766,1.497,Piston,Piston_Light
C206,1.0243,0,0.55305,0,0.65059,3178.5,28830,0,0,0.0017391,0.16082,0.28645,9088,0.10859,0.15047,16.165,0,0,61.8,56,56,56,53.2,0.02,0.068,1.499,Piston,Piston_Light
C208,5.1708,-2652,2.1304,68341,1.1516,510380,45115,1144,0,0.0044859,0.11216,0.20534,4793,0.076402,0.080655,25.957,0,0,71.3,71.3,58.5,58.5,55.7,0.016037,0.047112,3.311,Turboprop,Turboprop_Light
C210,0.90748,0,0.48384,0,0.67999,2660.8,33683,0,0,0.0023546,0.33133,0.529,10189,0.21125,0.1725,16.258,0,0,64.3,64.3,63.3,59.5,56.1,0.015042,0.073658,1.588,Piston,Piston_Light
C25A,1.0679,1454.7,5.3288,63250,1.3022,14839,49282,8.53E-11,0,0.01,0.094912,0.19263,27848,0.072894,0.06398,24.53,0,0,97,89,89,89,84,0.0187,0.0567,4.99,Jet,Jet_Light
C25B,0.99512,1045.2,5.6321,63052,1.2824,17076,52072,5.75E-11,-3,0.01,0.089942,0.19141,27848,0.073179,0.068098,27.32,0,0,95,87,87,87,80,0.0185,0.0561,5.443,Jet,Jet_Light
C25C,0.81665,519.35,4.6844,164330,1.3898,20337,58822,3.21E-12,-7,0.01,0.071919,0.19916,27848,0.060105,0.055032,30.66,0,0,97,91,91,91,85,0.0155,0.054,6.804,Jet,Jet_Light
C27J,3.7467,638.8,8.0766,53018,1.0571,20340000,-553200,-51720,3.1948,0.0052854,0.039199,0.1438,18593,0.04478,0.07907,82,0,0,110.5,110.5,102.5,96.5,89,0.042,0.043,27,Turboprop,Turboprop_Medium
C30J,3.8638,642.74,12.972,87538,0.98135,17748000,39053,38633,2.0146,0.0078602,0.027258,0.063926,13261,0.027258,0.068075,162.1,0,0,124.5,109.5,109.5,109.5,98.5,0.036,0.036,63.504,Turboprop,Turboprop_Medium
C310,1.6306,0,1.1167,0,0.73253,4833.7,27226,1.00E+05,0,0.0051657,0.26834,0.31121,6605,0.14673,0.10514,16.63,0,0,75,75,73,73,67,0.02,0.064,2.313,Piston,Piston_Light
C340,2.5602,0,1.0703,0,0.53447,5992.9,58448,1.00E+05,0,0.0047288,0.32007,0.29898,13214,0.13967,0.14788,17.09,0,0,76,76,74,74,68,0.035,0.062,2.495,Piston,Piston_Light
C402,2.541,0,1.44,0,0.50578,5375.3,37985,2.00E+05,0,0.0057453,0.25727,0.37379,19117,0.15617,0.13997,18.18,0,0,76,76,76,70,64,0.02,0.078,2.404,Piston,Piston_Light
C414,2.4324,0,1.0722,0,0.54701,4828.5,50232,2.00E+05,0,0.0033872,0.28439,0.24144,11516,0.11055,0.12069,20.98,0,0,79,79,79,74,69,0.024,0.065,2.812,Piston,Piston_Light
C421,3.8084,0,1.4426,0,0.45591,6450.3,51625,3.00E+05,0,0.0086043,0.31352,0.35076,18593,0.17768,0.16162,19.98,0,0,79,79,79,76,71,0.03,0.078,3.084,Piston,Piston_Light
C510,1.1195,824.85,4.5468,91761,1.5922,8945.3,41938,1.90E-10,3.3122,0.016045,0,0.066035,21545,0.072214,0.13722,19.51,0,0,85,85,76,76,71,0.010582,0.073015,3.41,Jet,Jet_Light
C525,0.88707,583.93,2.3994,-58120,1.1801,11914,42135,1.89E-10,0,0.01,0.10334,0.24264,25403,0.083289,0.079395,22.3,0,0,93,87,87,87,81,0.0198,0.0579,4.309,Jet,Jet_Light
C550,0.72308,211.18,4.5413,1.00E+15,1,11247,55256,0,0,0.0080509,0,0.20892,29488,0.11901,0.21914,30,1.2335,0.68944,91,87,87,87,81,0.0090163,0.095784,5.67,Jet,Jet_Light
C551,0.72308,211.18,4.5413,1.00E+15,1,11247,55256,0,0,0.0080509,0,0.20892,29488,0.10261,0.19178,30,1.2335,0.68944,85,82,82,82,76,0.0090163,0.095784,4.99,Jet,Jet_Light
C55B,0.97549,2069,4.2792,-390400,1.061,16394,75188,-6.36E-11,0,0.005,0.12487,0.27308,21781,0.098281,0.09076,30,0,0,93,93,90,90,85,0.025123,0.057395,5.897,Jet,Jet_Light
C560,0.54614,162.2,4.5361,1163300000,1.0377,14721,50993,8.78E-11,0,0.011454,0.016411,-0.1861,38290,0.044912,0.080099,31.83,1.4805,1.3822,89,86,86,83,79,0.015114,0.056318,6.35,Jet,Jet_Light
C56X,0.72111,567.88,7.8885,248190,1.0599,24637,57214,3.01E-11,1.5819,0.01331,0.017846,0.29858,10671,0.044749,0.082337,34.35,0,0,100,97,97,94,89,0.022,0.058,8.165,Jet,Jet_Light
C650,0.98796,949.93,10.237,125450,1.0804,22709,57968,2.03E-11,0,0.005,0.092718,-0.004066,19532,0.084428,0.085537,28.99,0,0,120,120,110,101,97,0.023,0.05,9.072,Jet,Jet_Light
C680,0.55806,256.52,5.5901,335790,1.254,33713,46532,9.11E-11,18,0.01,0.053484,0.25116,44528,0.064724,0.073994,47.93,0,0,99,94,90,90,83,0.0135,0.0533,12.247,Jet,Jet_Light
C700,0.671,567.75,7.6575,242920,1.1062,46878,56488,6.66E-12,15,0.01,0.032429,0.15778,31450,0.037841,0.054994,49.91,0,0,121,109,104,104,96,0.0183,0.0508,15.196,Jet,Jet_Medium
C750,0.86861,21412,5.0838,-41870,1.0009,34662,-1431000,-2.91E-10,-0.4436,0.0086251,0.25,0.5605,9842,0.24683,0.25274,48.96,1.3711,0.92503,115,112,105,105,101,0.02788,0.091983,14.515,Jet,Jet_Medium
C82S,1.0972,0,0.42181,0,0.58255,-401,-75810,250000,0,0,0.094866,0.11372,10025,0.096999,0.096405,16.17,0,0,55,55,51,49.5,49.5,0.014,0.06,1.406,Piston,Piston_Light
CL30,0.70184,660.18,7.667,2472900,1.0529,46781,53111,3.42E-11,5.1698,0.011018,0.0814,0.23641,29398,0.069939,0.063029,48.5,1.6076,0.95814,114,114,104,104,97,0.02,0.05,15.422,Jet,Jet_Medium
CL60,0.5569,448.83,5.9398,-537600,1.0341,44483,69940,-6.74E-11,0.28538,0.0062096,0.11124,0.26038,29040,0.10118,0.09545,45.71,0,0,131,131,118,112,107,0.023943,0.047948,19,Jet,Jet_Medium
CRJ1,0.61261,390.32,6.2892,1.00E+15,1.1325,46670,42344,1.20E-10,2.2238,0.009762,0.015898,0.22877,37367,0,0,54.5,1.4137,0.96879,140.5,112.5,112.5,112.5,107.7,0.020696,0.020571,21,Jet,Jet_Medium
CRJ2,0.58343,383.01,6.6518,1.00E+15,1.0234,46281,44031,1.15E-10,0.19767,0.0097633,0.055645,0.28873,34146,0.02953,0.012269,48.35,1.4979,0.83602,116.6,110,110,104.3,99.6,0.023192,0.028236,20.91,Jet,Jet_Medium
CRJ9,0.61472,369.75,8.2151,355910,1,69192,43799,1.32E-10,9.6638,0.0098394,0,0.28248,38356,0.043283,0.10992,70.61,0,0,136,114,114,104,101,0.018235,0.042467,33.64,Jet,Jet_Medium
CRJX,0.69579,667.32,7.8419,98591,0.97916,70072,57433,8.26E-12,9.3748,0.0096955,0.018607,0.062227,33291,0.005689,0.029908,77.39,0,0,144,144,121,110,107.5,0.02306,0.032166,36,Jet,Jet_Medium
D228,4.8123,1.00E+15,3.4029,128130,1.0144,1355200,73782,0,0,0.011314,0.10425,0,10140,0.10424,0,32,0,0,81,81,81,81,76,0.015851,0.03153,5.6,Turboprop,Turboprop_Light
D328,4.0286,1081.8,7.2475,1.00E+15,1,4478000,95956,0,4.3344,0.0048507,0,0.23746,8256,0,0.059957,40,0,0,109,109,109,109,90,0.018843,0.047849,12,Turboprop,Turboprop_Light
DA40,0.41383,0,0.20188,0,0.73299,1914.4,67038,0,8.5186,0.00035724,0.26723,0.30645,9478,0.17378,0.10908,13.244,0,0,62.5,62.5,58.5,57.5,57.5,0.035,0.035,1.15,Piston,Piston_Light
DA42,0.72154,0,0.34612,0,0.86513,586.29,10088,217160,0,0.0018557,0.065543,0,6150,0.065543,0,16.29,0,0,60,60,60,58,54,0.01192,0.034927,1.6,Piston,Piston_Light
DA50,0.76138,0,0.41866,0,0.87205,3019.5,50515,0,33.397,0.00011622,0.17825,0.22314,11528,0.071333,0.085039,16.43,0,0,66,66,59,59,54,0.025,0.04,1.8,Piston,Piston_Light
DA62,0.91603,0,0.45583,0,0.8153,3742.9,45290,0,8.4268,0.001902,0.18287,0.24126,7273,0.085774,0,17.1,0,0,70,70,68,65,65,0.018,0.035,2.1,Piston,Piston_Light
DC10,0.82,800,53.1,46500,1,325000,56610,3.10E-11,1,0.006,0.001,0.001,36000,0,0,338,1.37,0.42,156,133,126,112,110,0.0143,0.040218,170,Jet,Jet_Heavy
DC87,0.67,530,70,54000,1,208000,58000,5.20E-12,0,0.0036,0.001,0.001,28000,0,0,271.9,1.54,1.1,134,134,115,112,98,0.0136,0.03196,110,Jet,Jet_4_Heavy
DC93,1.401,1.00E+14,47.789,4.34E+08,1,80400,63600,9.50E-13,1.00E-07,0.00767,0.0484,0.4655,24000,0,0,93,1.37,1.02,145,118,112,112,100,0.022,0.048,45.4,Jet,Jet_Medium
DC94,1.401,1.00E+14,47.789,4.34E+08,1,80400,63600,9.50E-13,1.00E-07,0.00767,0.0484,0.4655,24000,0,0,93,1.37,1.02,145,118,112,112,100,0.022,0.048,45.4,Jet,Jet_Medium
DH8A,3.8886,664.54,3.4077,250640,1.4108,3610900,82279,3583.8,0,0.0042371,0.0061418,0.10895,12695,0.099999,0.17475,54.35,0,0,95,93,90,78,72,0.025446,0.052995,14.5,Turboprop,Turboprop_Medium
DH8C,3.8371,924.34,3.5429,112720,1.1863,4556800,59446,3128.4,3.7424,0.0063256,0,0.081239,19035,0.048623,0.090228,56.21,0,0,98,98,95,81,75,0.024049,0.037767,17,Turboprop,Turboprop_Medium
DH8D,4.2876,703.63,11.33,-85710,1.239,7892600,52522,12745,4.4394,0.0070091,0.017683,0.3297,12453,0.048804,0.076827,63.1,0,0,114,105,98,93,88,0.027462,0.035427,26,Turboprop,Turboprop_Medium
DHC6,5.7724,532.57,1.2807,80757,1.003,719270,31002,4201.6,0,0.0071106,0.045213,0.081832,15008,0.11126,0.15318,39.02,0,0,66,66,60.5,56.5,52,0.045,0.0505,4.536,Turboprop,Turboprop_Light
DIMO,0.24733,0,0,0,0.81538,1443.1,21894,0,0,0.0050528,0,0,16351,0,0,15.3,0,0,42,42,42,42,42,0.0168,0.0208,0.77,Piston,Piston_Light
DR40,0.41194,0,0.204,0,0.71532,1965.9,40313,0,-0.2685,0.0021209,0.1368,0.18799,11829,0.1368,0.16208,13.6,0,0,52,52,49,49,45.5,0.015042,0.074138,0.95,Piston,Piston_Light
DV20,0.31364,0,0.1332,0,0.52418,1438,28213,0,-0.02844,0.0037632,0.19884,0.27519,7347,0.19884,0.29121,11.6,0,0,49,49,45,45,42,0.020042,0.095466,0.7,Piston,Piston_Light
E120,4.328,567.94,6.6996,40455,1.1709,2539900,25316,12293,1.1237,0.0097435,0.13686,0,27384,0.11779,0.1125,39.43,0,0,107.5,87.5,87.5,82.5,82.5,0.029122,0.056493,10,Turboprop,Turboprop_Light
E135,0.75885,1011.1,9.0538,83714,1.0067,41293,52620,1.11E-10,6.7773,0.010342,0.14491,0.30193,22213,0.12866,0.12202,51.18,1.3168,0.40185,110,110,100,96,95,0.026587,0.051492,17,Jet,Jet_Medium
E145,0.69999,540.41,9.0283,78767,1.0941,38970,45291,1.98E-10,3.5805,0.0094659,0.039683,0.16354,26165,0.091717,0.12222,51.18,1.349,0.47929,115,115,104,99,99.5,0.020052,0.052291,18.5,Jet,Jet_Medium
E170,0.75347,1286,8.5179,68041,0.96626,80605,52512,3.42E-11,10.007,0.0083626,0.06277,0.109,33709,0.065523,0.12063,72.72,1.3282,0.6781,139,139,109,95,93,0.028752,0.040644,32,Jet,Jet_Medium
E190,0.694,1023.2,11.511,86095,0.99503,104530,50578,6.07E-11,9.8562,0.0091511,0.074136,0.1238,31365,0.082396,0.13544,92.53,1.4608,0.90201,138,138,111,97,94,0.026386,0.042089,43,Jet,Jet_Medium
E195,0.68322,972.76,11.383,90044,1.0013,104450,50404,5.90E-11,9.8814,0.0091048,0.072923,0.1233,31368,0.083934,0.13921,92.53,1.4267,0.84931,139,139,112,98,95,0.026806,0.042012,44,Jet,Jet_Medium
E290,0.5818,1356.9,10.88,69888,0.98912,125900,57048,-2.20E-11,9.9639,0.013096,0.094538,0.14853,35053,0.062322,0.075619,103,1.2255,0.39083,137.5,137.5,105,97,96,0.027756,0.033949,49,Jet,Jet_Upper_Medium
E300,0.89254,0,0.43197,0,0.70424,103.21,1250.6,260000,0,0.0012156,0.07413,0.18521,10340,0.074129,0.10809,10.7,0,0,57,57,57,57,57,0.0101,0.1054,0.87,Piston,Piston_Light
E35L,0.73884,727.34,8.9198,94216,1.0497,47028,41810,1.80E-10,9.4949,0.011377,0.083525,0.26004,27260,0.072586,0.068977,51.18,1.5886,0.98084,114,114,103.5,100.5,99,0.024096,0.041469,19,Jet,Jet_Medium
E45X,0.87601,4091.6,9.3706,68225,0.97601,41554,68159,1.10E-11,8.8015,0.010078,0.16567,0.22247,14198,0.093773,0.050309,51.18,1.4391,0.6781,118.5,118.5,107,103,102,0.034447,0.029618,20,Jet,Jet_Medium
E500,4.5749,828.43,1.1451,181250,1.2377,496660,66894,0,0,0.0014799,0.1471,0.21731,18599,0.1129,0.1171,14.3,0,0,76,76,62.5,62.5,55,0.020048,0.057442,1.92,Turboprop,Turboprop_Light
E50P,1.006,1898.7,2.4698,-237000,1.0109,10473,78830,-7.99E-11,6.0086,0.011395,0.10723,0.23824,18554,0.074882,0.072554,20,0,0,95,95,95,80,76,0.028445,0.039845,4.3,Jet,Jet_Light
E545,0.70097,834.28,7.7711,111010,1.0639,43814,56498,1.73E-11,-0.04843,0.0089261,0.10912,0.22467,34007,0.098879,0.093173,44.85,1.6379,1.155,98,98,93.5,87.5,85,0.024,0.047,14,Jet,Jet_Medium
E550,0.77471,1001.1,8.7441,134440,1.1199,44354,58594,2.06E-12,3.1191,0.0091802,0.09031,0.18016,22200,0.089391,0.089476,44.85,1.7075,1.2735,100,100,95,89.5,86.5,0.021171,0.047006,14.5,Jet,Jet_Medium
E55P,0.79287,574.5,3.8264,463970,1.1126,22577,43447,1.33E-10,6.44,0.013927,-0.03984,0.15761,35763,0,0.028661,30,0,0,93,93,93,85,85,0.018939,0.042255,7,Jet,Jet_Light
E75L,0.75582,1306.3,8.51,67901,0.91172,80733,52300,3.58E-11,10.007,0.0083851,0.06391,0.1163,35082,0.069109,0.12453,72.72,1.3214,0.67868,141,141,111,97,95,0.029253,0.040688,33,Jet,Jet_Medium
E75S,0.75581,1306.2,8.51,67901,0.96991,80733,52300,3.58E-11,10.007,0.0083851,0.06391,0.1163,35082,0.069109,0.12453,72.72,1.3214,0.67868,141,141,111,97,95,0.029253,0.040688,33,Jet,Jet_Medium
EA50,1.1225,-40960,1.7857,127470,1.0549,6481.6,61334,1.48E-11,-0.1136,0.010245,0.019079,0.22622,31377,0.053925,0.11826,13.42,0,0,91,91,80,80,73,0.029055,0.053765,2.495,Jet,Jet_Light
EV97,0.23491,0,0.036009,0,0.71515,122.01,4567.5,47049,1.1673,0.0025069,0.069723,0.12058,9559,0.063684,0.073006,9.84,0,0,42,42,39,39,35,0.016,0.056,0.45,Piston,Piston_Light
F100,0.72583,649.14,11.028,1.00E+15,0.9694,72475,59898,2.11E-11,0,0.010896,0.032274,0.40788,28818,0.13582,0.33133,93.5,0,0,115.5,109.7,109.7,106.6,103.1,0.021777,0.045532,38,Jet,Jet_Medium
F15,1.0029,997.59,19.675,231960,0.90981,145870,53652,2.59E-11,2.8957,0.0064125,0.024327,0.19544,36086,0.045995,0.061692,56.5,0,0,156,156,148,148,148,0.03592,0.051546,30.845,Jet,Jet_Medium
F16,0.28531,91.423,9.5302,297980,1.0794,67971,39105,1.71E-10,10,0.005,0.044104,0.17058,31187,0.044103,0.24983,27.87,0,0,120,120,115.4,120,110.8,0.015,0.13,12.701,Jet,Jet_Medium
F27,6.593,765.03,8.4616,1.00E+15,1,3462900,51672,1521.3,0,0.010867,0,0.24865,19150,0.0064743,0.021948,70,0,0,90,79,79,75,72,0.017176,0.03135,17,Turboprop,Turboprop_Medium
F28,1.3,1000,19.5,287500,1,73800,28850,3.77E-10,0,0.0089,0.001,0.11,32000,0,0,78.965,0,0,108,99,94,86,79,0.0117,0.048555,24,Jet,Jet_Medium
F2TH,0.5843,563.51,6.231,125040,0.90779,46972,65639,-1.98E-11,5.3708,0.0080849,0.14332,0.17785,29107,0.10661,0.080522,49.02,1.1241,0.53939,118,109,105,105,100.1,0.025275,0.049696,16.329,Jet,Jet_Medium
F406,4.1976,-640.5,3.422,238240,1.2026,762160,27519,3353,4.1031,0.0034459,0.1496,0.29136,15449,0.055609,0.0037078,23.48,0,0,90,90,82,79,76,0.015062,0.042329,3.765,Turboprop,Turboprop_Light
F50,4.3107,559.27,6.449,146020,1.0705,4189200,34992,9501.3,0,0.0070171,0.20904,0.38537,8980,0.1,0.045156,70,0,0,92.1,92.1,85.8,83.4,75.4,0.029046,0.032166,18,Turboprop,Turboprop_Medium
F70,0.3,140.83,11.041,1.00E+15,1,73520,49866,8.71E-11,2.5589,0.0099312,0.015342,0.46842,30940,0.04171,0.070379,93.5,0,0,108.3,108.3,103.6,100,96.5,0.020449,0.041732,34,Jet,Jet_Medium
F900,0.71154,861.17,5.4501,425730,0.96867,50198,56189,2.79E-11,3.6546,0.010402,0.11335,0.13876,25915,0.11334,0.098897,49,1.0266,0.38681,125.5,125.5,109,109,100.5,0.024003,0.051243,18.597,Jet,Jet_Medium
FA10,0.71,850,13.86,57431,1,21000,60000,4.00E-11,0,0,0.08,0.4,10500,0,0,24.1,1.23,0.91,117,94,94,90,88,0.028,0.07,7.25,Jet,Jet_Light
FA20,1.75,1.00E+05,9.357,164000,0.9356,26100,50500,5.51E-11,2.00E-07,0.005,0.021,0.48,31600,0.046,0.069,41,1.23,0.91,110,102,102,99,95,0.019,0.056004,10,Jet,Jet_Light
FA50,0.79662,972.52,3.9407,-131600,0.92054,43192,67411,-3.44E-11,1.0011,0.010146,0.13449,0.2524,22325,0.09715,0.072548,46.83,1.2464,0.73432,117,117,93.5,93.5,91,0.027262,0.042399,14.969,Jet,Jet_Medium
FA7X,0.57287,433.59,6.1386,-790800,0.94355,70399,52464,4.75E-11,5.5389,0.0085756,0.052227,0.1827,35343,0.031831,0.065382,70.7,0.94226,0.26525,130.7,130.7,105.8,105.8,97.8,0.019044,0.045882,26.309,Jet,Jet_Medium
FGTH,0,1.00E+09,0,1.00E+09,1,73000,95000,0,0,0,0,0,0,0,0,25,0,0,120,120,223,120,177,0.019,0.2,10,Jet,Jet_Light
FGTL,1.1,3.00E+06,22.2,110000,1,370000,41000,1.70E-10,0,0,0,0,0,0,0,181.2,0,0,141,126,223,120,177,0.025,0.043,180,Jet,Jet_4_Heavy
FLCO,0.23374,0,0.075051,0,0.5954,946.88,33087,0,0,0.005,0,0.21327,8059,0.12588,0.22837,5.41,0,0,56,56,49,49,49,0.042465,0.059318,0.44,Piston,Piston_Light
G150,0.78189,843.41,3.2851,-446400,0.97701,30360,56561,2.92E-11,0,0.012189,0.093974,0.31201,32398,0.080778,0.080786,29.5,1.3338,0.74822,121,113,103.5,99.5,96,0.030556,0.044267,9.979,Jet,Jet_Light
G280,0.74509,1085.2,6.317,111280,1.0273,48117,59447,8.36E-12,8.103,0.0097302,0.11709,0.21254,40389,0.071641,0.054956,46,0.849,0.15744,135,107,107,103,102,0.0239,0.0459,15.422,Jet,Jet_Medium
GL5T,0.71755,966.56,7.4544,-125400000,1.0334,82747,62321,6.89E-12,10.153,0.009511,0.060664,0.21813,37015,0.041835,0.06245,94.95,1.1177,0.44322,133,104.5,104.5,100.5,98,0.0195,0.041,36.288,Jet,Jet_Medium
GLEX,0.71954,988.2,7.4544,-125400000,1.0382,82794,62340,6.99E-12,10.048,0.0094992,0.060619,0.21775,37016,0.044917,0.064861,94.95,1.1152,0.4419,137.5,108,108,104,101.5,0.0195,0.041,38.556,Jet,Jet_Medium
GLF2,1.2347,-5028,5.2448,425650,1.0339,60675,1475100,-3.20E-10,2.0222,0.0069563,0.072662,0.099313,29398,0.13583,0.20143,75.21,2.7953,2.1478,125.5,118.5,111.5,111.5,106,0.025042,0.079386,25.401,Jet,Jet_Medium
GLF5,0.61663,602.36,7.2573,232530,1.0791,78224,63142,-5.04E-12,11.366,0.0096514,0.033003,0.15173,41967,0.022822,0.017595,105.6,0,0,128,119,119,114.5,111,0.015,0.046,35.381,Jet,Jet_Medium
H25A,3.2344,-1039,8.5581,-253600,1.0005,17137,-617600,-4.18E-10,1.7786,0.0060273,0.19006,0.60839,29106,0.13591,0.10481,32.8,0,0,99,94.5,91.5,91.5,90,0.024397,0.051777,8.165,Jet,Jet_Light
H25B,0.72407,596.8,2.9023,-40140,1.1805,30912,53099,3.25E-11,0,0.01,0.1342,0.60852,36253,0.12312,0.11687,34.75,1.9901,1.6344,109.5,109.5,101,100,97,0.023,0.061,10.886,Jet,Jet_Light
HA4T,0.54216,373.42,5.7979,-558300,1.0365,39146,110300,-1.59E-10,4.3789,0.0090781,0.082759,0.18185,29454,0.082758,0.029752,49.34,1.2392,0.76759,113.8,113.8,108.1,108.1,98.7,0.021765,0.039464,15.422,Jet,Jet_Medium
HAWK,1.2733,928.93,3.7896,105430,1.065,23886,33837,2.73E-10,6.6643,0.0073529,0.016927,0.02732,11069,0.062639,0.10464,17.65,0,0,125,125,107,107,101,0.022,0.07,5.897,Jet,Jet_Light
HDJT,0.94311,1447.6,1.4942,509690,1.0316,13225,92480,-1.21E-10,4.8444,0.010369,0.028108,0.16739,29332,0.036375,0.06955,16.4,1.6636,1.2862,99,99,89,89,86,0.035042,0.037894,4.445,Jet,Jet_Light
IL76,0.98346,1080.4,53.361,966170,1.0764,250270,51462,7.48E-11,-0.1233,0.0087812,0.062706,0.27187,28280,0.1228,0.20905,300,0,0,150,107,107,105,98,0.018,0.044,156,Jet,Jet_4_Heavy
IL86,1.1363,2288.4,58.698,-1048000,1.0659,312930,49175,1.16E-10,2.5002,0.010292,0.068724,0.17495,28631,0.091903,0.18541,330,0,0,166,166,124,124,117,0.018,0.055,181.5,Jet,Jet_4_Heavy
IL96,0.76461,1535.1,40.173,475220,0.9707,347160,86122,-8.88E-11,11.305,0.0093103,0.078115,0.18055,30044,0.059805,0.096828,350,0,0,165,137,127,127,121,0.022,0.041,205,Jet,Jet_4_Heavy
JS32,3.9298,1.00E+15,3.4379,1.00E+15,1,1798000,68842,0,2.0231,0.011472,0,0.65098,15112,0.054253,0.098836,25.2,0,0,96,90,88,88,84,0.017637,0.056015,6.2,Turboprop,Turboprop_Light
JS41,3.8791,1326.6,4.5831,89655,1,2664900,35265,5098.5,0.98173,0.0086467,0,0.071265,6203,0.021958,0.060773,32.59,0,0,116,108,106,106,101,0.026729,0.045201,9,Turboprop,Turboprop_Light
K100,5.0347,1.00E+15,2.1441,70223,1.2696,674440,46372,0,0.87635,0.0096062,0.25001,0.40339,8973,0.12727,0.083885,22.3,0,0,70,60,56,56,55,0.02,0.0531,2.722,Turboprop,Turboprop_Light
L101,0.062,27.62,38.04,88442,1,328000,41380,1.64E-10,17,0.0058,0.001,0.15,31000,0,0,320,1.26,0.8,166,135,125,110,104,0.016,0.05,154.5,Jet,Jet_Heavy
L39,0.55954,138.94,3.687,537320,1.0069,12603,35982,1.90E-10,-0.1747,0.0026724,0.065347,0.11113,12611,0.10387,0.14793,18.8,0,0,106,106,96,96,93,0.018098,0.08161,4.6,Jet,Jet_Light
L410,-3.339,50.973,4.5337,-626500,1.0178,2844300,917070,-11780,0.26073,0.010514,0.17254,0.34649,8559,0.088315,0.059632,34.86,0,0,81,81,69,69,62,0.010042,0.048356,6,Turboprop,Turboprop_Light
LJ25,0.90268,223.31,7.7011,422200,1.0624,19341,42135,1.43E-10,-12,0.0072263,-0.09733,0.17532,29508,0.020364,0.1281,21.53,0,0,112,112,104,100,96,0.015199,0.081157,5.897,Jet,Jet_Light
LJ35,0.9185,871,3.8001,-51030,1.1567,21519,56427,8.72E-12,-0.09039,0.011078,0.061657,0.28821,31333,0.086886,0.11238,23.53,0.827,0.10817,119,119,108,104,98,0.019578,0.071071,6.804,Jet,Jet_Light
LJ45,0.88703,926.77,3.3293,1.00E+15,1.0591,22434,63672,0,2.2113,0.013218,0.030315,0.2547,37809,0.057997,0.091815,28.95,0.79325,0.021217,102,102,100,97,93,0.022048,0.052088,8.618,Jet,Jet_Light
LJ60,0.77399,1121.8,3.278,-97780,1.1483,30052,62870,-1.12E-11,-0.06508,0.0096222,0.074034,0.31056,31578,0.083105,0.10067,24.57,0.75345,-0.05567,123,123,120,116,110,0.03,0.055,9.526,Jet,Jet_Light
LJ75,0.64853,380.72,3.3475,1.00E+15,1.0802,24009,61464,0,2.5977,0.0036699,0.029099,0.23321,38419,0.05126,0.078461,28.95,0.79325,0.021217,102,102,100,97,93,0.021,0.051,8.618,Jet,Jet_Light
M20P,0.71799,0,0.40782,0,0.89026,2575.3,31536,0,0.33838,0.0019207,0.07926,0.1922,10519,0.079259,0.11053,16.26,0,0,62.5,62.5,61,61,55.5,0.010048,0.076575,1.361,Piston,Piston_Light
M20T,1.5115,0,0.61526,0,0.61135,2694.8,60799,0,4.1666,0.0035181,0.087813,0.18139,14538,0.087813,0.094973,16.26,0,0,63.1,63.1,62.7,62.7,56.8,0.01,0.0766,1.361,Piston,Piston_Light
MAGC,0.24153,0,0.22683,0,0.99477,1266.3,30014,0,0.3712,0.0023711,0.14042,0.18457,6751,0.14041,0.27384,11.34,0,0,38,38,38,38,33,0.02,0.075,0.599,Piston,Piston_Light
MD11,0.71864,1549.6,27.35,135740,1.0239,453620,49433,8.27E-11,13.33,0.0026476,0.040405,0.23093,37326,0.068277,0.13942,338.91,1.0901,0.32717,176,154,154,132,127,0.02026,0.046209,240,Jet,Jet_Heavy
MD82,0.81567,824.6,13.008,1.00E+15,1.0058,128880,41899,1.50E-10,5.4819,0.00077122,0.0052785,0.42437,29512,0.21801,0.38886,112.32,1.3013,0.80709,162,127,120,113,109,0.020556,0.048011,58,Jet,Jet_Upper_Medium
MD83,0.79724,729.05,13.008,1.00E+15,0.99175,134060,43449,1.23E-10,9.4902,0.00046029,0.00033195,0.40061,29613,0.21649,0.39936,112.32,1.3013,0.80709,165,130,123,116,111,0.019957,0.049088,63.5,Jet,Jet_Upper_Medium
MU2,4.1051,1084.1,2.7131,221140,1.0362,1322200,36307,3834.7,3.1432,0.0071281,0.01523,0.15317,16999,0.094209,0.14893,16.55,0,0,98,91.5,80.5,80.5,80.5,0.03,0.06,4.536,Turboprop,Turboprop_Light
P06T,0.55474,0,0.38209,0,0.60489,1972.6,25104,25741,2.7459,0.00076581,0.13233,0.19153,8107,0.029493,0.030669,14.76,0,0,61.2,61.2,53.6,53.6,51.7,0.01806,0.045941,1.08,Piston,Piston_Light
P180,5.3284,625.55,4.4828,54289,1.5212,2265800,91899,0,0,0,0,0.11606,20244,0.035137,0.067799,16,1.4984,0.35236,108.5,108.5,99,99,93,0.0241,0.05,4.99,Turboprop,Turboprop_Light
P1HH,5.3005,640.61,4.4828,54289,1.3951,2260600,90198,0,0,0,0.020848,0.17682,17070,0.033714,0.054658,18,1.3319,0.31321,108.5,108.5,99,99,93,0.024,0.048,4.99,Turboprop,Turboprop_Light
P28A,0.44515,0,0.30872,0,0.87274,1116.7,28192,8824,0,0.0035552,0.16007,0,4385,0.16007,0.038908,15.79,0,0,50,50,48,43,43,0.015315,0.041587,1.055,Piston,Piston_Light
P28R,0.76929,0,0.36267,0,0.74839,1995.2,31961,0,0.33437,0.0038432,0.2726,0.47423,9435,0.22317,0.17721,15.79,0,0,60,60,60,55,55,0.02,0.07,1.247,Piston,Piston_Light
P28T,0.56746,0,0.57758,0,0.9267,2013.4,31236,0,0,0.0036619,0.25113,0.48476,8644,0.22068,0.19068,15.79,0,0,58,58,58,53,53,0.02,0.07,1.247,Piston,Piston_Light
P28U,1.0117,0,0.58462,0,0.48393,2807.2,44589,-42730,0,0.001,0.10862,0.21482,12217,0.12369,0.14247,15.79,0,0,65.5,65.5,65.5,60.5,60.5,0.02,0.07,1.315,Piston,Piston_Light
P38,14.469,0,2.047,0,0.29834,25108,65263,0,0,0.0016,0.17996,0.25264,20969,0.29742,0.36367,30.43,0,0,87,87,87,64,64,0.038,0.075,7.711,Piston,Piston_Light
P46T,7.9322,434.62,1.8027,49491,1.3084,889690,4780500,-2340,0,0,0.072302,0.092997,7142,0.049935,0.056971,17,0,0,70,70,64,64,61,0.016,0.06,2.041,Turboprop,Turboprop_Light
P750,5.1947,-1424,2.06,2557400,1.3996,755330,155930,-1870,0,0,0.049958,0.2111,12409,0.052868,0.074254,28.3,0,0,66,66,59,59,55,0.012,0.065,2.948,Turboprop,Turboprop_Light
PA27,1.75,0,1.05,0,1,5000,32000,8.5,0,0,0.1,0.2,10000,0,0,18.75,0,0,77,77,77,70,70,0.021,0.063,2.18,Piston,Piston_Light
PA31,2.78,0,0.8,0,1,3950,40100,308000,0,0.03,0.15,0.25,15000,0,0,21.3,0,0,75,73,73,69,69,0.037,0.05772,2.49,Piston,Piston_Light
PA34,1.7113,0,0.90654,0,0.61727,-3060,-110200,665880,0,0,0,0,8040,0,0,19.39,0,0,62,62,62,59,59,0.012065,0.044891,1.814,Piston,Piston_Light
PA44,1.4148,0,0.69688,0,0.53189,11007,41334,-637800,-0.1495,0.007804,0.20006,0.25683,7776,0.22888,0.23146,17.08,0,0,54,54,54,52,52,0.02,0.065,1.542,Piston,Piston_Light
PA46,1.5557,0,1.0191,0,0.52453,484.43,21293,333000,-6.942,0.00036895,0.19963,0.32839,10819,0.053794,0.063824,16.26,0,0,69,69,62.5,62.5,58,0.015,0.05,1.969,Piston,Piston_Light
PAY1,2.297,-150.6,4.9679,41737,1.1134,-183900,-4008,9617,4.5354,0.011619,0.1102,0.065158,22219,0.10157,0.096054,21.275,0,0,83,83,83,76,72,0.013,0.06,3.629,Turboprop,Turboprop_Light
PAY2,3.1037,-288.3,5.522,60747,1.3821,1326000,96293,-1251,0.15202,0.0025088,0.12347,0.27978,13103,0.086692,0.050509,21.275,0,0,83.5,83.5,83.5,79,76,0.01,0.06,3.856,Turboprop,Turboprop_Light
PAY3,3.1965,-386.2,5.1873,53623,0.70914,1613500,53229,1333.9,0,0,0.091407,0.30991,18948,0.056997,0.057424,27.223,0,0,96,96,96,88,84,0.022,0.06,4.491,Turboprop,Turboprop_Light
PC12,6.0028,619.64,3.6232,46498,1.3276,134870,6426.8,5497.8,6.9342,0.00036555,0.14894,0.012395,22962,0.10415,0.084182,25.81,0,0,86,86,70,64,60,0.0145,0.045,3.85,Turboprop,Turboprop_Light
PIAE,0,0,0,0,1,1351.5,18228,0,-0.009291,0.0074996,0.035172,0.061826,7644,0.035172,0.026897,9.29,0,0,44,44,42,42,40,0.025,0.035,0.52,Electric,Electric_Light
PIVE,0,0,0,0,1,876.26,30373,0,0.082241,0.00086387,0.059757,0.077065,6669,0.060534,0.043173,9.51,0,0,50,50,45,45,44,0.025,0.035,0.58,Electric,Electric_Light
PRM1,0.89668,1037.2,3.3043,238220,1.0177,15208,66938,-4.23E-11,-0.02335,0.0080902,0.10605,0.2583,25392,0.073219,0.063283,22.93,1.061,0.60867,97,97,92,89,86,0.026,0.048,4.99,Jet,Jet_Light
Q2,0.096325,0,0.072,0,0.8467,313.23,21969,0,0,0.0066952,-0.01993,0.048132,6774,0.10215,0.1374,2.79,0,0,52,52,52,52,52,0.02,0.0515,0.191,Piston,Piston_Light
Q4,0.34666,295.59,0.37565,-200900,1.2247,29059,39142,2.02E-10,31.139,0.00047442,0.11001,0.12718,15107,0.033392,0,50.2,0,0,100,100,100,100,100,0.014936,0.03177,9.889,Jet,Jet_Light
Q9,3.3594,4367.4,0.16974,47905,1.0024,1158500,45814,844.55,5.4437,0.00036298,-0.1325,0,31295,0.0077709,0.091498,22.57,0,0,70,70,60,60,60,0.020042,0.051615,3.916,Turboprop,Turboprop_Light
RJ1H,1.4466,-1048,7.4792,-27850,1.0375,74483,261450,-3.39E-10,5.4315,0.0069898,0.1947,0.5874,23900,0.15594,0.19912,77.3,1.7874,1.3192,143.5,112,104,98.5,94.5,0.039807,0.037399,40,Jet,Jet_Medium
RJ85,1.4537,-1069,7.9593,-33950,1.0261,72884,374060,-3.74E-10,5.0238,0.0069362,0.18052,0.56409,23900,0.13605,0.17512,77.3,1.7874,1.3192,140,109,101,96,93,0.037937,0.036554,38,Jet,Jet_Medium
RV14,0.51554,0,0.29937,0,0.87399,1851.2,30747,0,-0.005412,0.0036582,0.10077,0.25086,19287,0.11411,0.138,11.72,0,0,58,58,58,48,48,0.01,0.08,0.816,Piston,Piston_Light
RV8,0.58563,0,0.31752,0,0.65798,1988.6,30188,0,-0.3114,0.0060806,0.10733,0.17642,10213,0.12229,0.12721,10.78,0,0,56.5,56.5,56.5,51,51,0.01,0.095,0.726,Piston,Piston_Light
S22T,1.601,0,0.64092,0,0.4134,2256.2,59820,0,0,0.0048812,0.21157,0.29123,11918,0.034944,0,13.46,0,0,68,68,63,63,57.5,0.010062,0.041133,1.463,Piston,Piston_Light
S2P,12.254,0,3.2934,0,0.344,25715,38719,0,0,0.004,0.2535,0.40983,11278,0.2186,0.2408,46.08,0,0,89,89,83.5,77.5,73,0.03,0.06,11.34,Piston,Piston_Light
SB20,3.7373,828.98,6.2449,87444,1.09,6334100,53721,12160,3.4998,0.0058396,0,0.11168,23724,0.039269,0.079797,55.74,0,0,114.7,114.7,104.3,100.8,93.5,0.029756,0.042084,20,Turboprop,Turboprop_Medium
SBR1,2.204,-1388,6.9216,146130,0.85065,26158,65141,-4.09E-11,-2.194,0.0037932,0.000189,0.10731,20308,0.000189,0.086872,31.78,0,0,104,104,104,99,97,0.028552,0.056916,8.165,Jet,Jet_Light
SF25,0.13968,0,0,0,0.99991,677.38,29096,0,0,0.0036539,0,0,14759,0,0,17.5,0,0,33,33,33,33,33,0.021,0.0264,0.54,Piston,Piston_Light
SF34,3.2214,1857.8,4.7855,163540,1.1152,2452600,36000,7371.8,0,0.0095817,0,0.15967,15185,0.023804,0.058574,41.81,0,0,97.5,97.5,87.5,85,81.5,0.025793,0.037329,11.34,Turboprop,Turboprop_Light
SF50,1.247,-10360,1.6011,-5.20E+08,1.1221,5931.9,52206,7.10E-11,-5,0.01242,0.12263,0.25841,14084,0.12262,0.16381,18.18,0,0,80,80,72,72,62,0.020042,0.073286,2.359,Jet,Jet_Light
SH36,5.3348,605.21,5.8739,105840,1.1618,2290700,83944,0,4.6584,0.0061714,0.35519,0.53232,10098,0.15687,0.067108,42.18,0,0,96,94,88,88,84,0.031297,0.032377,11.3,Turboprop,Turboprop_Light
SR20,0.57852,0,0.42397,0,0.82279,1662.5,23771,9197.1,0,0.0040309,0.20788,0.3634,8061,0.015687,0,13.46,0,0,63.5,63.5,58.5,58.5,54.5,0.010066,0.040246,1.236,Piston,Piston_Light
SR22,0.95185,0,0.6556,0,0.73348,2051.6,24368,64336,0,0.00395,0.20136,0.31659,6732,0.031459,0,13.46,0,0,68,68,63,63,59,0.010058,0.040881,1.542,Piston,Piston_Light
SU95,0.76994,906.58,10.582,143220,1.002,94023,52529,4.09E-11,11.068,0.010326,0.048784,0.11396,31997,0.064827,0.10731,83.8,1.1916,0.56723,147.4,117.3,114.4,109.6,107.3,0.023,0.046,40,Jet,Jet_Medium
SVNH,0.23121,0,0.040004,0,0.8408,65.371,1087.4,60000,0,0.0034627,0.231,0.5091,5103,0.231,0.12957,11.9,0,0,30,30,28,28,26,0.03,0.06,0.454,Piston,Piston_Light
SW4,4.3072,771.59,4.2005,46112,1.0546,1486600,27841,5896.8,1.7448,0.0068793,0.18576,0.31103,10470,0.14361,0.12981,28.71,0,0,96,96,92.5,88.5,85.5,0.025048,0.069347,6.35,Turboprop,Turboprop_Light
T134,1.7125,10186,12.855,-19450,1,61337,61154,7.07E-12,0.49671,0.010498,0.21934,0.12365,5751,0.095912,0,115,0,0,126.4,126.4,118.6,118.6,111.9,0.011581,0.040237,42,Jet,Jet_Medium
T154,1.1336,9928.5,35.732,-183800,0.99828,194770,83000,-8.19E-11,0.49992,0.008687,0.073797,0.31233,23216,0.088384,0.12855,201.45,0,0,158.2,122.8,122.8,117,113.4,0.021136,0.059603,85,Jet,Jet_Upper_Medium
T204,0.56988,497.47,19.314,447300,0.9381,176900,61291,-4.71E-12,10.144,0.0069022,0.083949,0.11072,24598,0.059516,0.10146,184.17,1.1969,0.57842,153,153,123,113,105,0.02,0.043,89.7,Jet,Jet_Heavy
T206,1.4333,0,0.57575,0,0.52149,3222.8,56123,0,0,0.0032339,0.16481,0.28531,14864,0.11246,0.14992,16.165,0,0,61.8,56,56,56,53.2,0.02,0.068,1.499,Piston,Piston_Light
T210,1.1631,0,0.51408,0,0.59713,3100,57944,0,0,0.0032069,0.28522,0.41628,14095,0.19009,0.1605,16.258,0,0,64.3,64.3,63.3,59.5,56.1,0.015042,0.076322,1.588,Piston,Piston_Light
TB20,0.7838,0,0.50556,0,0.67863,1171.7,14831,111080,0,0.0018156,0.12914,0.18463,4049,0.091927,0.078089,11.9,0,0,68.5,63.5,63.5,57.5,57.5,0.01,0.055,1.335,Piston,Piston_Light
TB21,1.1764,0,0.6446,0,0.51074,2498.2,43521,0,0,0.0012738,0.051405,0.16842,15205,0.066653,0.080161,11.9,0,0,68.5,63.5,63.5,57.5,57.5,0.01,0.055,1.335,Piston,Piston_Light
TBM7,5.7476,698.22,2.4721,684630,1.3762,854640,125850,0,0,0.0024986,0,0.15515,17067,0.098648,0.14551,18,0,0,71,71,67,57,57,0.014173,0.078915,2.5,Turboprop,Turboprop_Light
TBM8,5.1882,679.04,2.4278,242610,1.4088,973720,148890,441.67,0,0.0020322,0,0.14387,18393,0.12038,0.17951,18,0,0,76,76,72,61,61,0.016246,0.08113,2.984,Turboprop,Turboprop_Light
TBM9,4.9804,748.55,2.5536,109820,1.3441,1012200,285990,0,0,0,0,0.14936,18224,0.099613,0.14895,18,0,0,76,76,72,61,61,0.016532,0.073834,2.984,Turboprop,Turboprop_Light
TEX2,5.6379,471.3,2.7901,155060,1.1432,1348400,96075,0,5.5114,0.008093,0.026796,0.29159,18975,0.053673,0.10142,16.3,0,0,85,85,79,79,76,0.0362,0.0626,2.858,Turboprop,Turboprop_Light
U2,1.2816,-4953,5.9399,403730,1.0429,65990,39569,1.78E-10,0,0.00346,-0.0142,0.14945,43944,-0.0142,0.021773,55.74,1.8182,1.1072,91,91,88,85.5,84,0.032761,0.034576,10.41,Jet,Jet_Light
YK40,1.7198,-2116,15.314,-173200,1.1382,22862,50323,7.35E-11,5.3452,0.0094572,0.26676,0.5,14964,0.18644,0.12591,70,0,0,95,95,82.4,82.4,77,0.018,0.05,14.925,Jet,Jet_Medium
YK42,0.6886,1625.5,18.485,51494,0.94905,121840,49075,1.60E-10,1.5651,0.0053681,0.20576,0.088189,9964,0.12621,0.16568,150,0,0,124,124,90,90,85,0.035,0.051,47.4,Jet,Jet_Upper_Medium
